{
  "frames": {
    "Attack_000": {
      "trimmed": true,
      "rotated": false,
      "frame": {
        "x": 476,
        "y": 272,
        "w": 150,
        "h": 130
      },
      "spriteSourceSize": {
        "x": 17,
        "y": 21,
        "w": 150,
        "h": 130
      },
      "sourceSize": {
        "w": 171,
        "h": 164
      }
    },
    "Attack_001": {
      "trimmed": true,
      "rotated": false,
      "frame": {
        "x": 323,
        "y": 268,
        "w": 153,
        "h": 132
      },
      "spriteSourceSize": {
        "x": 15,
        "y": 22,
        "w": 153,
        "h": 132
      },
      "sourceSize": {
        "w": 171,
        "h": 164
      }
    },
    "Attack_002": {
      "trimmed": true,
      "rotated": false,
      "frame": {
        "x": 298,
        "y": 0,
        "w": 157,
        "h": 132
      },
      "spriteSourceSize": {
        "x": 13,
        "y": 24,
        "w": 157,
        "h": 132
      },
      "sourceSize": {
        "w": 171,
        "h": 164
      }
    },
    "Attack_003": {
      "trimmed": true,
      "rotated": false,
      "frame": {
        "x": 164,
        "y": 400,
        "w": 160,
        "h": 133
      },
      "spriteSourceSize": {
        "x": 11,
        "y": 25,
        "w": 160,
        "h": 133
      },
      "sourceSize": {
        "w": 171,
        "h": 164
      }
    },
    "Attack_004": {
      "trimmed": true,
      "rotated": false,
      "frame": {
        "x": 0,
        "y": 263,
        "w": 162,
        "h": 135
      },
      "spriteSourceSize": {
        "x": 9,
        "y": 26,
        "w": 162,
        "h": 135
      },
      "sourceSize": {
        "w": 171,
        "h": 164
      }
    },
    "Attack_005": {
      "trimmed": true,
      "rotated": false,
      "frame": {
        "x": 0,
        "y": 398,
        "w": 164,
        "h": 135
      },
      "spriteSourceSize": {
        "x": 7,
        "y": 27,
        "w": 164,
        "h": 135
      },
      "sourceSize": {
        "w": 171,
        "h": 164
      }
    },
    "Attack_006": {
      "trimmed": true,
      "rotated": false,
      "frame": {
        "x": 0,
        "y": 129,
        "w": 162,
        "h": 134
      },
      "spriteSourceSize": {
        "x": 9,
        "y": 27,
        "w": 162,
        "h": 134
      },
      "sourceSize": {
        "w": 171,
        "h": 164
      }
    },
    "Attack_007": {
      "trimmed": true,
      "rotated": false,
      "frame": {
        "x": 162,
        "y": 265,
        "w": 161,
        "h": 133
      },
      "spriteSourceSize": {
        "x": 10,
        "y": 26,
        "w": 161,
        "h": 133
      },
      "sourceSize": {
        "w": 171,
        "h": 164
      }
    },
    "Attack_008": {
      "trimmed": true,
      "rotated": false,
      "frame": {
        "x": 162,
        "y": 132,
        "w": 159,
        "h": 133
      },
      "spriteSourceSize": {
        "x": 11,
        "y": 25,
        "w": 159,
        "h": 133
      },
      "sourceSize": {
        "w": 171,
        "h": 164
      }
    },
    "Attack_009": {
      "trimmed": true,
      "rotated": false,
      "frame": {
        "x": 321,
        "y": 133,
        "w": 157,
        "h": 132
      },
      "spriteSourceSize": {
        "x": 13,
        "y": 24,
        "w": 157,
        "h": 132
      },
      "sourceSize": {
        "w": 171,
        "h": 164
      }
    },
    "Attack_010": {
      "trimmed": true,
      "rotated": false,
      "frame": {
        "x": 455,
        "y": 1,
        "w": 155,
        "h": 132
      },
      "spriteSourceSize": {
        "x": 14,
        "y": 23,
        "w": 155,
        "h": 132
      },
      "sourceSize": {
        "w": 171,
        "h": 164
      }
    },
    "Attack_011": {
      "trimmed": true,
      "rotated": false,
      "frame": {
        "x": 324,
        "y": 402,
        "w": 153,
        "h": 131
      },
      "spriteSourceSize": {
        "x": 15,
        "y": 22,
        "w": 153,
        "h": 131
      },
      "sourceSize": {
        "w": 171,
        "h": 164
      }
    },
    "Idle_000": {
      "trimmed": true,
      "rotated": false,
      "frame": {
        "x": 0,
        "y": 1,
        "w": 149,
        "h": 128
      },
      "spriteSourceSize": {
        "x": 0,
        "y": 0,
        "w": 149,
        "h": 128
      },
      "sourceSize": {
        "w": 149,
        "h": 141
      }
    },
    "Idle_001": {
      "trimmed": true,
      "rotated": false,
      "frame": {
        "x": 149,
        "y": 1,
        "w": 149,
        "h": 128
      },
      "spriteSourceSize": {
        "x": 0,
        "y": 0,
        "w": 149,
        "h": 128
      },
      "sourceSize": {
        "w": 149,
        "h": 141
      }
    },
    "Idle_002": {
      "trimmed": true,
      "rotated": false,
      "frame": {
        "x": 477,
        "y": 405,
        "w": 149,
        "h": 128
      },
      "spriteSourceSize": {
        "x": 0,
        "y": 0,
        "w": 149,
        "h": 128
      },
      "sourceSize": {
        "w": 149,
        "h": 141
      }
    },
    "Idle_003": {
      "trimmed": true,
      "rotated": false,
      "frame": {
        "x": 478,
        "y": 144,
        "w": 149,
        "h": 128
      },
      "spriteSourceSize": {
        "x": 0,
        "y": 0,
        "w": 149,
        "h": 128
      },
      "sourceSize": {
        "w": 149,
        "h": 141
      }
    },
    "Idle_004": {
      "trimmed": true,
      "rotated": false,
      "frame": {
        "x": 610,
        "y": 16,
        "w": 149,
        "h": 128
      },
      "spriteSourceSize": {
        "x": 0,
        "y": 0,
        "w": 149,
        "h": 128
      },
      "sourceSize": {
        "w": 149,
        "h": 141
      }
    },
    "Idle_005": {
      "trimmed": true,
      "rotated": false,
      "frame": {
        "x": 626,
        "y": 405,
        "w": 149,
        "h": 128
      },
      "spriteSourceSize": {
        "x": 0,
        "y": 0,
        "w": 149,
        "h": 128
      },
      "sourceSize": {
        "w": 149,
        "h": 141
      }
    },
    "Idle_006": {
      "trimmed": true,
      "rotated": false,
      "frame": {
        "x": 626,
        "y": 277,
        "w": 149,
        "h": 128
      },
      "spriteSourceSize": {
        "x": 0,
        "y": 0,
        "w": 149,
        "h": 128
      },
      "sourceSize": {
        "w": 149,
        "h": 141
      }
    },
    "Idle_007": {
      "trimmed": true,
      "rotated": false,
      "frame": {
        "x": 627,
        "y": 149,
        "w": 149,
        "h": 128
      },
      "spriteSourceSize": {
        "x": 0,
        "y": 0,
        "w": 149,
        "h": 128
      },
      "sourceSize": {
        "w": 149,
        "h": 141
      }
    },
    "Idle_008": {
      "trimmed": true,
      "rotated": false,
      "frame": {
        "x": 759,
        "y": 21,
        "w": 149,
        "h": 128
      },
      "spriteSourceSize": {
        "x": 0,
        "y": 0,
        "w": 149,
        "h": 128
      },
      "sourceSize": {
        "w": 149,
        "h": 141
      }
    },
    "Idle_009": {
      "trimmed": true,
      "rotated": false,
      "frame": {
        "x": 775,
        "y": 405,
        "w": 149,
        "h": 128
      },
      "spriteSourceSize": {
        "x": 0,
        "y": 0,
        "w": 149,
        "h": 128
      },
      "sourceSize": {
        "w": 149,
        "h": 141
      }
    },
    "Idle_010": {
      "trimmed": true,
      "rotated": false,
      "frame": {
        "x": 775,
        "y": 277,
        "w": 149,
        "h": 128
      },
      "spriteSourceSize": {
        "x": 0,
        "y": 0,
        "w": 149,
        "h": 128
      },
      "sourceSize": {
        "w": 149,
        "h": 141
      }
    },
    "Idle_011": {
      "trimmed": true,
      "rotated": false,
      "frame": {
        "x": 776,
        "y": 149,
        "w": 149,
        "h": 128
      },
      "spriteSourceSize": {
        "x": 0,
        "y": 0,
        "w": 149,
        "h": 128
      },
      "sourceSize": {
        "w": 149,
        "h": 141
      }
    }
  },
  "meta": {
    "app": "Phaser Editor",
    "version": "1",
    "image": "enemy22.png"
  }
}