{
  "frames": {
    "Attack_000": {
      "trimmed": true,
      "rotated": false,
      "frame": {
        "x": 403,
        "y": 250,
        "w": 74,
        "h": 164
      },
      "spriteSourceSize": {
        "x": 11,
        "y": 0,
        "w": 74,
        "h": 164
      },
      "sourceSize": {
        "w": 95,
        "h": 169
      }
    },
    "Attack_001": {
      "trimmed": true,
      "rotated": false,
      "frame": {
        "x": 366,
        "y": 578,
        "w": 78,
        "h": 164
      },
      "spriteSourceSize": {
        "x": 9,
        "y": 1,
        "w": 78,
        "h": 164
      },
      "sourceSize": {
        "w": 95,
        "h": 169
      }
    },
    "Attack_002": {
      "trimmed": true,
      "rotated": false,
      "frame": {
        "x": 281,
        "y": 742,
        "w": 88,
        "h": 164
      },
      "spriteSourceSize": {
        "x": 1,
        "y": 2,
        "w": 88,
        "h": 164
      },
      "sourceSize": {
        "w": 95,
        "h": 169
      }
    },
    "Attack_003": {
      "trimmed": true,
      "rotated": false,
      "frame": {
        "x": 0,
        "y": 411,
        "w": 89,
        "h": 165
      },
      "spriteSourceSize": {
        "x": 2,
        "y": 2,
        "w": 89,
        "h": 165
      },
      "sourceSize": {
        "w": 95,
        "h": 169
      }
    },
    "Attack_004": {
      "trimmed": true,
      "rotated": false,
      "frame": {
        "x": 89,
        "y": 411,
        "w": 84,
        "h": 165
      },
      "spriteSourceSize": {
        "x": 10,
        "y": 3,
        "w": 84,
        "h": 165
      },
      "sourceSize": {
        "w": 95,
        "h": 169
      }
    },
    "Attack_005": {
      "trimmed": true,
      "rotated": false,
      "frame": {
        "x": 89,
        "y": 246,
        "w": 80,
        "h": 165
      },
      "spriteSourceSize": {
        "x": 14,
        "y": 3,
        "w": 80,
        "h": 165
      },
      "sourceSize": {
        "w": 95,
        "h": 169
      }
    },
    "Attack_006": {
      "trimmed": true,
      "rotated": false,
      "frame": {
        "x": 88,
        "y": 81,
        "w": 86,
        "h": 165
      },
      "spriteSourceSize": {
        "x": 7,
        "y": 3,
        "w": 86,
        "h": 165
      },
      "sourceSize": {
        "w": 95,
        "h": 169
      }
    },
    "Attack_007": {
      "trimmed": true,
      "rotated": false,
      "frame": {
        "x": 0,
        "y": 246,
        "w": 89,
        "h": 165
      },
      "spriteSourceSize": {
        "x": 3,
        "y": 2,
        "w": 89,
        "h": 165
      },
      "sourceSize": {
        "w": 95,
        "h": 169
      }
    },
    "Attack_008": {
      "trimmed": true,
      "rotated": false,
      "frame": {
        "x": 0,
        "y": 576,
        "w": 90,
        "h": 165
      },
      "spriteSourceSize": {
        "x": 0,
        "y": 2,
        "w": 90,
        "h": 165
      },
      "sourceSize": {
        "w": 95,
        "h": 169
      }
    },
    "Attack_009": {
      "trimmed": true,
      "rotated": false,
      "frame": {
        "x": 316,
        "y": 249,
        "w": 87,
        "h": 164
      },
      "spriteSourceSize": {
        "x": 2,
        "y": 2,
        "w": 87,
        "h": 164
      },
      "sourceSize": {
        "w": 95,
        "h": 169
      }
    },
    "Attack_010": {
      "trimmed": true,
      "rotated": false,
      "frame": {
        "x": 344,
        "y": 414,
        "w": 82,
        "h": 164
      },
      "spriteSourceSize": {
        "x": 6,
        "y": 1,
        "w": 82,
        "h": 164
      },
      "sourceSize": {
        "w": 95,
        "h": 169
      }
    },
    "Attack_011": {
      "trimmed": true,
      "rotated": false,
      "frame": {
        "x": 169,
        "y": 246,
        "w": 74,
        "h": 165
      },
      "spriteSourceSize": {
        "x": 12,
        "y": 0,
        "w": 74,
        "h": 165
      },
      "sourceSize": {
        "w": 95,
        "h": 169
      }
    },
    "Dead_000": {
      "trimmed": true,
      "rotated": false,
      "frame": {
        "x": 243,
        "y": 246,
        "w": 73,
        "h": 165
      },
      "spriteSourceSize": {
        "x": 0,
        "y": 2,
        "w": 73,
        "h": 165
      },
      "sourceSize": {
        "w": 232,
        "h": 186
      }
    },
    "Dead_001": {
      "trimmed": true,
      "rotated": false,
      "frame": {
        "x": 574,
        "y": 743,
        "w": 75,
        "h": 163
      },
      "spriteSourceSize": {
        "x": 11,
        "y": 4,
        "w": 75,
        "h": 163
      },
      "sourceSize": {
        "w": 232,
        "h": 186
      }
    },
    "Dead_002": {
      "trimmed": true,
      "rotated": false,
      "frame": {
        "x": 722,
        "y": 51,
        "w": 89,
        "h": 161
      },
      "spriteSourceSize": {
        "x": 9,
        "y": 6,
        "w": 89,
        "h": 161
      },
      "sourceSize": {
        "w": 232,
        "h": 186
      }
    },
    "Dead_003": {
      "trimmed": true,
      "rotated": false,
      "frame": {
        "x": 772,
        "y": 212,
        "w": 112,
        "h": 147
      },
      "spriteSourceSize": {
        "x": 9,
        "y": 19,
        "w": 112,
        "h": 147
      },
      "sourceSize": {
        "w": 232,
        "h": 186
      }
    },
    "Dead_004": {
      "trimmed": true,
      "rotated": false,
      "frame": {
        "x": 795,
        "y": 359,
        "w": 146,
        "h": 124
      },
      "spriteSourceSize": {
        "x": 10,
        "y": 38,
        "w": 146,
        "h": 124
      },
      "sourceSize": {
        "w": 232,
        "h": 186
      }
    },
    "Dead_005": {
      "trimmed": true,
      "rotated": false,
      "frame": {
        "x": 795,
        "y": 483,
        "w": 158,
        "h": 96
      },
      "spriteSourceSize": {
        "x": 14,
        "y": 64,
        "w": 158,
        "h": 96
      },
      "sourceSize": {
        "w": 232,
        "h": 186
      }
    },
    "Dead_006": {
      "trimmed": true,
      "rotated": false,
      "frame": {
        "x": 649,
        "y": 743,
        "w": 159,
        "h": 89
      },
      "spriteSourceSize": {
        "x": 22,
        "y": 72,
        "w": 159,
        "h": 89
      },
      "sourceSize": {
        "w": 232,
        "h": 186
      }
    },
    "Dead_007": {
      "trimmed": true,
      "rotated": false,
      "frame": {
        "x": 326,
        "y": 0,
        "w": 159,
        "h": 82
      },
      "spriteSourceSize": {
        "x": 31,
        "y": 80,
        "w": 159,
        "h": 82
      },
      "sourceSize": {
        "w": 232,
        "h": 186
      }
    },
    "Dead_008": {
      "trimmed": true,
      "rotated": false,
      "frame": {
        "x": 0,
        "y": 5,
        "w": 161,
        "h": 76
      },
      "spriteSourceSize": {
        "x": 39,
        "y": 87,
        "w": 161,
        "h": 76
      },
      "sourceSize": {
        "w": 232,
        "h": 186
      }
    },
    "Dead_009": {
      "trimmed": true,
      "rotated": false,
      "frame": {
        "x": 649,
        "y": 832,
        "w": 163,
        "h": 74
      },
      "spriteSourceSize": {
        "x": 48,
        "y": 93,
        "w": 163,
        "h": 74
      },
      "sourceSize": {
        "w": 232,
        "h": 186
      }
    },
    "Dead_010": {
      "trimmed": true,
      "rotated": false,
      "frame": {
        "x": 485,
        "y": 12,
        "w": 164,
        "h": 74
      },
      "spriteSourceSize": {
        "x": 57,
        "y": 100,
        "w": 164,
        "h": 74
      },
      "sourceSize": {
        "w": 232,
        "h": 186
      }
    },
    "Dead_011": {
      "trimmed": true,
      "rotated": false,
      "frame": {
        "x": 161,
        "y": 7,
        "w": 165,
        "h": 74
      },
      "spriteSourceSize": {
        "x": 66,
        "y": 107,
        "w": 165,
        "h": 74
      },
      "sourceSize": {
        "w": 232,
        "h": 186
      }
    },
    "Idle_000": {
      "trimmed": true,
      "rotated": false,
      "frame": {
        "x": 699,
        "y": 251,
        "w": 73,
        "h": 164
      },
      "spriteSourceSize": {
        "x": 0,
        "y": 0,
        "w": 73,
        "h": 164
      },
      "sourceSize": {
        "w": 74,
        "h": 164
      }
    },
    "Idle_001": {
      "trimmed": true,
      "rotated": false,
      "frame": {
        "x": 426,
        "y": 414,
        "w": 74,
        "h": 164
      },
      "spriteSourceSize": {
        "x": 0,
        "y": 0,
        "w": 74,
        "h": 164
      },
      "sourceSize": {
        "w": 74,
        "h": 164
      }
    },
    "Idle_002": {
      "trimmed": true,
      "rotated": false,
      "frame": {
        "x": 426,
        "y": 86,
        "w": 74,
        "h": 164
      },
      "spriteSourceSize": {
        "x": 0,
        "y": 0,
        "w": 74,
        "h": 164
      },
      "sourceSize": {
        "w": 74,
        "h": 164
      }
    },
    "Idle_003": {
      "trimmed": true,
      "rotated": false,
      "frame": {
        "x": 722,
        "y": 415,
        "w": 73,
        "h": 164
      },
      "spriteSourceSize": {
        "x": 1,
        "y": 0,
        "w": 73,
        "h": 164
      },
      "sourceSize": {
        "w": 74,
        "h": 164
      }
    },
    "Idle_004": {
      "trimmed": true,
      "rotated": false,
      "frame": {
        "x": 740,
        "y": 579,
        "w": 73,
        "h": 164
      },
      "spriteSourceSize": {
        "x": 1,
        "y": 0,
        "w": 73,
        "h": 164
      },
      "sourceSize": {
        "w": 74,
        "h": 164
      }
    },
    "Idle_005": {
      "trimmed": true,
      "rotated": false,
      "frame": {
        "x": 886,
        "y": 580,
        "w": 73,
        "h": 164
      },
      "spriteSourceSize": {
        "x": 1,
        "y": 0,
        "w": 73,
        "h": 164
      },
      "sourceSize": {
        "w": 74,
        "h": 164
      }
    },
    "Idle_006": {
      "trimmed": true,
      "rotated": false,
      "frame": {
        "x": 477,
        "y": 250,
        "w": 74,
        "h": 164
      },
      "spriteSourceSize": {
        "x": 0,
        "y": 0,
        "w": 74,
        "h": 164
      },
      "sourceSize": {
        "w": 74,
        "h": 164
      }
    },
    "Idle_007": {
      "trimmed": true,
      "rotated": false,
      "frame": {
        "x": 500,
        "y": 86,
        "w": 74,
        "h": 164
      },
      "spriteSourceSize": {
        "x": 0,
        "y": 0,
        "w": 74,
        "h": 164
      },
      "sourceSize": {
        "w": 74,
        "h": 164
      }
    },
    "Idle_008": {
      "trimmed": true,
      "rotated": false,
      "frame": {
        "x": 500,
        "y": 742,
        "w": 74,
        "h": 164
      },
      "spriteSourceSize": {
        "x": 0,
        "y": 0,
        "w": 74,
        "h": 164
      },
      "sourceSize": {
        "w": 74,
        "h": 164
      }
    },
    "Idle_009": {
      "trimmed": true,
      "rotated": false,
      "frame": {
        "x": 444,
        "y": 578,
        "w": 74,
        "h": 164
      },
      "spriteSourceSize": {
        "x": 0,
        "y": 0,
        "w": 74,
        "h": 164
      },
      "sourceSize": {
        "w": 74,
        "h": 164
      }
    },
    "Idle_010": {
      "trimmed": true,
      "rotated": false,
      "frame": {
        "x": 500,
        "y": 414,
        "w": 74,
        "h": 164
      },
      "spriteSourceSize": {
        "x": 0,
        "y": 0,
        "w": 74,
        "h": 164
      },
      "sourceSize": {
        "w": 74,
        "h": 164
      }
    },
    "Idle_011": {
      "trimmed": true,
      "rotated": false,
      "frame": {
        "x": 551,
        "y": 250,
        "w": 74,
        "h": 164
      },
      "spriteSourceSize": {
        "x": 0,
        "y": 0,
        "w": 74,
        "h": 164
      },
      "sourceSize": {
        "w": 74,
        "h": 164
      }
    },
    "Jump_000": {
      "trimmed": true,
      "rotated": false,
      "frame": {
        "x": 812,
        "y": 743,
        "w": 74,
        "h": 163
      },
      "spriteSourceSize": {
        "x": 10,
        "y": 0,
        "w": 74,
        "h": 163
      },
      "sourceSize": {
        "w": 104,
        "h": 243
      }
    },
    "Jump_001": {
      "trimmed": true,
      "rotated": false,
      "frame": {
        "x": 574,
        "y": 86,
        "w": 74,
        "h": 164
      },
      "spriteSourceSize": {
        "x": 12,
        "y": 59,
        "w": 74,
        "h": 164
      },
      "sourceSize": {
        "w": 104,
        "h": 243
      }
    },
    "Jump_002": {
      "trimmed": true,
      "rotated": false,
      "frame": {
        "x": 174,
        "y": 81,
        "w": 74,
        "h": 165
      },
      "spriteSourceSize": {
        "x": 14,
        "y": 37,
        "w": 74,
        "h": 165
      },
      "sourceSize": {
        "w": 104,
        "h": 243
      }
    },
    "Jump_003": {
      "trimmed": true,
      "rotated": false,
      "frame": {
        "x": 102,
        "y": 741,
        "w": 81,
        "h": 165
      },
      "spriteSourceSize": {
        "x": 14,
        "y": 22,
        "w": 81,
        "h": 165
      },
      "sourceSize": {
        "w": 104,
        "h": 243
      }
    },
    "Jump_004": {
      "trimmed": true,
      "rotated": false,
      "frame": {
        "x": 90,
        "y": 576,
        "w": 84,
        "h": 165
      },
      "spriteSourceSize": {
        "x": 14,
        "y": 16,
        "w": 84,
        "h": 165
      },
      "sourceSize": {
        "w": 104,
        "h": 243
      }
    },
    "Jump_005": {
      "trimmed": true,
      "rotated": false,
      "frame": {
        "x": 0,
        "y": 81,
        "w": 88,
        "h": 165
      },
      "spriteSourceSize": {
        "x": 13,
        "y": 10,
        "w": 88,
        "h": 165
      },
      "sourceSize": {
        "w": 104,
        "h": 243
      }
    },
    "Jump_006": {
      "trimmed": true,
      "rotated": false,
      "frame": {
        "x": 274,
        "y": 578,
        "w": 92,
        "h": 164
      },
      "spriteSourceSize": {
        "x": 10,
        "y": 5,
        "w": 92,
        "h": 164
      },
      "sourceSize": {
        "w": 104,
        "h": 243
      }
    },
    "Jump_007": {
      "trimmed": true,
      "rotated": false,
      "frame": {
        "x": 183,
        "y": 742,
        "w": 98,
        "h": 164
      },
      "spriteSourceSize": {
        "x": 4,
        "y": 1,
        "w": 98,
        "h": 164
      },
      "sourceSize": {
        "w": 104,
        "h": 243
      }
    },
    "Jump_008": {
      "trimmed": true,
      "rotated": false,
      "frame": {
        "x": 248,
        "y": 82,
        "w": 103,
        "h": 164
      },
      "spriteSourceSize": {
        "x": 1,
        "y": 7,
        "w": 103,
        "h": 164
      },
      "sourceSize": {
        "w": 104,
        "h": 243
      }
    },
    "Jump_009": {
      "trimmed": true,
      "rotated": false,
      "frame": {
        "x": 0,
        "y": 741,
        "w": 102,
        "h": 165
      },
      "spriteSourceSize": {
        "x": 2,
        "y": 13,
        "w": 102,
        "h": 165
      },
      "sourceSize": {
        "w": 104,
        "h": 243
      }
    },
    "Jump_010": {
      "trimmed": true,
      "rotated": false,
      "frame": {
        "x": 247,
        "y": 413,
        "w": 97,
        "h": 164
      },
      "spriteSourceSize": {
        "x": 6,
        "y": 20,
        "w": 97,
        "h": 164
      },
      "sourceSize": {
        "w": 104,
        "h": 243
      }
    },
    "Jump_011": {
      "trimmed": true,
      "rotated": false,
      "frame": {
        "x": 174,
        "y": 577,
        "w": 100,
        "h": 164
      },
      "spriteSourceSize": {
        "x": 1,
        "y": 46,
        "w": 100,
        "h": 164
      },
      "sourceSize": {
        "w": 104,
        "h": 243
      }
    },
    "Walk_000": {
      "trimmed": true,
      "rotated": false,
      "frame": {
        "x": 813,
        "y": 579,
        "w": 73,
        "h": 164
      },
      "spriteSourceSize": {
        "x": 11,
        "y": 0,
        "w": 73,
        "h": 164
      },
      "sourceSize": {
        "w": 84,
        "h": 166
      }
    },
    "Walk_001": {
      "trimmed": true,
      "rotated": false,
      "frame": {
        "x": 369,
        "y": 742,
        "w": 75,
        "h": 164
      },
      "spriteSourceSize": {
        "x": 6,
        "y": 0,
        "w": 75,
        "h": 164
      },
      "sourceSize": {
        "w": 84,
        "h": 166
      }
    },
    "Walk_002": {
      "trimmed": true,
      "rotated": false,
      "frame": {
        "x": 173,
        "y": 411,
        "w": 74,
        "h": 165
      },
      "spriteSourceSize": {
        "x": 2,
        "y": 0,
        "w": 74,
        "h": 165
      },
      "sourceSize": {
        "w": 84,
        "h": 166
      }
    },
    "Walk_003": {
      "trimmed": true,
      "rotated": false,
      "frame": {
        "x": 518,
        "y": 578,
        "w": 74,
        "h": 164
      },
      "spriteSourceSize": {
        "x": 0,
        "y": 0,
        "w": 74,
        "h": 164
      },
      "sourceSize": {
        "w": 84,
        "h": 166
      }
    },
    "Walk_004": {
      "trimmed": true,
      "rotated": false,
      "frame": {
        "x": 574,
        "y": 414,
        "w": 74,
        "h": 164
      },
      "spriteSourceSize": {
        "x": 0,
        "y": 0,
        "w": 74,
        "h": 164
      },
      "sourceSize": {
        "w": 84,
        "h": 166
      }
    },
    "Walk_005": {
      "trimmed": true,
      "rotated": false,
      "frame": {
        "x": 886,
        "y": 744,
        "w": 74,
        "h": 162
      },
      "spriteSourceSize": {
        "x": 0,
        "y": 3,
        "w": 74,
        "h": 162
      },
      "sourceSize": {
        "w": 84,
        "h": 166
      }
    },
    "Walk_006": {
      "trimmed": true,
      "rotated": false,
      "frame": {
        "x": 625,
        "y": 250,
        "w": 74,
        "h": 164
      },
      "spriteSourceSize": {
        "x": 0,
        "y": 0,
        "w": 74,
        "h": 164
      },
      "sourceSize": {
        "w": 84,
        "h": 166
      }
    },
    "Walk_007": {
      "trimmed": true,
      "rotated": false,
      "frame": {
        "x": 648,
        "y": 86,
        "w": 74,
        "h": 164
      },
      "spriteSourceSize": {
        "x": 0,
        "y": 0,
        "w": 74,
        "h": 164
      },
      "sourceSize": {
        "w": 84,
        "h": 166
      }
    },
    "Walk_008": {
      "trimmed": true,
      "rotated": false,
      "frame": {
        "x": 592,
        "y": 579,
        "w": 74,
        "h": 164
      },
      "spriteSourceSize": {
        "x": 2,
        "y": 0,
        "w": 74,
        "h": 164
      },
      "sourceSize": {
        "w": 84,
        "h": 166
      }
    },
    "Walk_009": {
      "trimmed": true,
      "rotated": false,
      "frame": {
        "x": 648,
        "y": 415,
        "w": 74,
        "h": 164
      },
      "spriteSourceSize": {
        "x": 4,
        "y": 0,
        "w": 74,
        "h": 164
      },
      "sourceSize": {
        "w": 84,
        "h": 166
      }
    },
    "Walk_010": {
      "trimmed": true,
      "rotated": false,
      "frame": {
        "x": 351,
        "y": 85,
        "w": 75,
        "h": 164
      },
      "spriteSourceSize": {
        "x": 6,
        "y": 0,
        "w": 75,
        "h": 164
      },
      "sourceSize": {
        "w": 84,
        "h": 166
      }
    },
    "Walk_011": {
      "trimmed": true,
      "rotated": false,
      "frame": {
        "x": 666,
        "y": 579,
        "w": 74,
        "h": 164
      },
      "spriteSourceSize": {
        "x": 9,
        "y": 0,
        "w": 74,
        "h": 164
      },
      "sourceSize": {
        "w": 84,
        "h": 166
      }
    }
  },
  "meta": {
    "app": "Phaser Editor",
    "version": "1",
    "image": "hero.png"
  }
}